overfitting,correct,Q to ask
https://github.com/KTH/drr/blob/master/Patches/Doverfitting/ACS/Lang/patch1-Lang-39-ACS-plausible.patch,https://github.com/rjust/defects4j/blob/master/framework/projects/Lang/patches/39.src.patch,is it fixed by returning ‘cbc’ under cetain conditions?
https://github.com/KTH/drr/blob/master/Patches/Doverfitting/ACS/Math/patch1-Math-73-ACS-plausible.patch,https://github.com/rjust/defects4j/blob/master/framework/projects/Math/patches/73.src.patch,is it fixed by adding a check on ‘initial’ var?
https://github.com/KTH/drr/blob/master/Patches/Doverfitting/ACS/Math/patch1-Math-97-ACS-plausible.patch,https://github.com/rjust/defects4j/blob/master/framework/projects/Math/patches/97.src.patch,is it fixed by adding a check on ‘sign’ against a literal ‘0.546842’?
https://github.com/KTH/drr/blob/master/Patches/Doverfitting/ACS/Math/patch1-Math-28-ACS-plausible.patch,https://github.com/rjust/defects4j/blob/master/framework/projects/Math/patches/28.src.patch,is it fixed by doing nothing when minRatioPositions.size() > 1
https://github.com/KTH/drr/blob/master/Patches/Doverfitting/ACS/Math/patch1-Math-81-ACS-plausible.patch,https://github.com/rjust/defects4j/blob/master/framework/projects/Math/patches/81.src.patch,is it fixed by doing nothing when end – start > 2
https://github.com/KTH/drr/blob/master/Patches/Doverfitting/Elixir/Lang/patch1-Lang-39-Elixir-plausible.patch,https://github.com/rjust/defects4j/blob/master/framework/projects/Lang/patches/39.src.patch,is it fixed by skipping the loop
https://github.com/KTH/drr/blob/master/Patches/Doverfitting/Elixir/Lang/patch1-Lang-44-Elixir-plausible.patch,https://github.com/rjust/defects4j/blob/master/framework/projects/Lang/patches/44.src.patch,is it fixed by executing even if dec or exp is not null
https://github.com/KTH/drr/blob/master/Patches/Doverfitting/Elixir/Lang/patch1-Lang-51-Elixir-plausible.patch,https://github.com/rjust/defects4j/blob/master/framework/projects/Lang/patches/51.src.patch,is it fixed by executing even if first char is not `y`
https://github.com/KTH/drr/blob/master/Patches/Doverfitting/Elixir/Lang/patch1-Lang-58-Elixir-plausible.patch,https://github.com/rjust/defects4j/blob/master/framework/projects/Lang/patches/58.src.patch,is it fixed by executing even if dec or exp is not null
https://github.com/KTH/drr/blob/master/Patches/Doverfitting/Elixir/Math/patch1-Math-63-Elixir-plausible.patch,https://github.com/rjust/defects4j/blob/master/framework/projects/Math/patches/63.src.patch,is it fixed by checking NaN against infinity?
https://github.com/KTH/drr/blob/master/Patches/Doverfitting/Elixir/Math/patch1-Math-73-Elixir-plausible.patch,https://github.com/rjust/defects4j/blob/master/framework/projects/Math/patches/73.src.patch,"is it fixed by replacing initial with solve(initial, initial)"
https://github.com/KTH/drr/blob/master/Patches/Doverfitting/Elixir/Math/patch1-Math-2-Elixir-plausible.patch,https://github.com/rjust/defects4j/blob/master/framework/projects/Math/patches/2.src.patch,is it fixed by executing only if tmp is larger than upper
https://github.com/KTH/drr/blob/master/Patches/Doverfitting/Elixir/Math/patch1-Math-80-Elixir-plausible.patch,https://github.com/rjust/defects4j/blob/master/framework/projects/Math/patches/80.src.patch,is it fixed by running the for loop as long as i>j
https://github.com/KTH/drr/blob/master/Patches/Doverfitting/Elixir/Math/patch1-Math-20-Elixir-plausible.patch,https://github.com/rjust/defects4j/blob/master/framework/projects/Math/patches/20.src.patch,is it fixed by changing the arguments of constructor
https://github.com/KTH/drr/blob/master/Patches/Doverfitting/Elixir/Math/patch1-Math-104-Elixir-plausible.patch,https://github.com/rjust/defects4j/blob/master/framework/projects/Math/patches/104.src.patch,is it fixed by replacing abs with sqrt
https://github.com/KTH/drr/blob/master/Patches/Doverfitting/Elixir/Math/patch1-Math-32-Elixir-plausible.patch,https://github.com/rjust/defects4j/blob/master/framework/projects/Math/patches/32.src.patch,is it fixed by calling getAttribute on .plus()? Or is a null check needed?
https://github.com/KTH/drr/blob/master/Patches/Doverfitting/Elixir/Time/patch1-Time-11-Elixir-plausible.patch,https://github.com/rjust/defects4j/blob/master/framework/projects/Time/patches/11.src.patch,is it fixed by doing nothing when isVerbose?
https://github.com/KTH/drr/blob/master/Patches/Doverfitting/Elixir/Chart/patch1-Chart-17-Elixir-plausible.patch,https://github.com/rjust/defects4j/blob/master/framework/projects/Chart/patches/17.src.patch,is it fixed by adding a 0 < start check?
https://github.com/KTH/drr/blob/master/Patches/Doverfitting/Elixir/Chart/patch1-Chart-13-Elixir-plausible.patch,https://github.com/rjust/defects4j/blob/master/framework/projects/Chart/patches/13.src.patch,is it fixed by doing something different when len > 1
https://github.com/KTH/drr/blob/master/Patches/Doverfitting/Elixir/Chart/patch1-Chart-3-Elixir-plausible.patch,https://github.com/rjust/defects4j/blob/master/framework/projects/Chart/patches/3.src.patch,is it fixed by replacing copy with copy.addAndOrUpdate(copy)?
https://github.com/KTH/drr/blob/master/Patches/Doverfitting/SequenceR/Lang/patch2-Lang-6-SequenceR.patch,https://github.com/rjust/defects4j/blob/master/framework/projects/Lang/patches/6.src.patch,is it fixed by replacing pos with a literal ‘0’?
https://github.com/KTH/drr/blob/master/Patches/Doverfitting/SequenceR/Math/patch3-Math-82-SequenceR.patch,https://github.com/rjust/defects4j/blob/master/framework/projects/Math/patches/82.src.patch,is it fixed by replacing 0 with epsilon?
https://github.com/KTH/drr/blob/master/Patches/Doverfitting/SequenceR/Math/patch1-Math-63-SequenceR.patch,https://github.com/rjust/defects4j/blob/master/framework/projects/Math/patches/63.src.patch,is it fixed by removing the first part of the check
https://github.com/KTH/drr/blob/master/Patches/Doverfitting/SequenceR/Math/patch4-Math-85-SequenceR.patch,https://github.com/rjust/defects4j/blob/master/framework/projects/Math/patches/85.src.patch,is it fixed by checking fa instead of fa*fa
https://github.com/KTH/drr/blob/master/Patches/Doverfitting/SequenceR/Math/patch5-Math-85-SequenceR.patch,https://github.com/rjust/defects4j/blob/master/framework/projects/Math/patches/85.src.patch,is it fixed by replacing fa with maximumIterations?
https://github.com/KTH/drr/blob/master/Patches/Doverfitting/SequenceR/Math/patch12-Math-85-SequenceR.patch,https://github.com/rjust/defects4j/blob/master/framework/projects/Math/patches/85.src.patch,is it fixed by checking max 0 and fa*fa instead of fa*fa
https://github.com/KTH/drr/blob/master/Patches/Doverfitting/SequenceR/Math/patch6-Math-85-SequenceR.patch,https://github.com/rjust/defects4j/blob/master/framework/projects/Math/patches/85.src.patch,is it fixed by checking max … instead of fa*fa
https://github.com/KTH/drr/blob/master/Patches/Doverfitting/SequenceR/Math/patch17-Math-85-SequenceR.patch,https://github.com/rjust/defects4j/blob/master/framework/projects/Math/patches/85.src.patch,is it fixed by checking max … instead of fa*fa
https://github.com/KTH/drr/blob/master/Patches/Doverfitting/SequenceR/Math/patch10-Math-85-SequenceR.patch,https://github.com/rjust/defects4j/blob/master/framework/projects/Math/patches/85.src.patch,is it fixed by checking max … instead of fa*fa
https://github.com/KTH/drr/blob/master/Patches/Doverfitting/SequenceR/Math/patch14-Math-85-SequenceR.patch,https://github.com/rjust/defects4j/blob/master/framework/projects/Math/patches/85.src.patch,is it fixed by checking max … instead of fa*fa
https://github.com/KTH/drr/blob/master/Patches/Doverfitting/SequenceR/Math/patch15-Math-85-SequenceR.patch,https://github.com/rjust/defects4j/blob/master/framework/projects/Math/patches/85.src.patch,
https://github.com/KTH/drr/blob/master/Patches/Doverfitting/SequenceR/Math/patch13-Math-85-SequenceR.patch,https://github.com/rjust/defects4j/blob/master/framework/projects/Math/patches/85.src.patch,
https://github.com/KTH/drr/blob/master/Patches/Doverfitting/SequenceR/Math/patch1-Math-59-SequenceR.patch,https://github.com/rjust/defects4j/blob/master/framework/projects/Math/patches/59.src.patch,
https://github.com/KTH/drr/blob/master/Patches/Doverfitting/SequenceR/Math/patch1-Math-80-SequenceR.patch,https://github.com/rjust/defects4j/blob/master/framework/projects/Math/patches/80.src.patch,
https://github.com/KTH/drr/blob/master/Patches/Doverfitting/SequenceR/Math/patch2-Math-85-SequenceR.patch,https://github.com/rjust/defects4j/blob/master/framework/projects/Math/patches/85.src.patch,
https://github.com/KTH/drr/blob/master/Patches/Doverfitting/SequenceR/Math/patch8-Math-85-SequenceR.patch,https://github.com/rjust/defects4j/blob/master/framework/projects/Math/patches/85.src.patch,
https://github.com/KTH/drr/blob/master/Patches/Doverfitting/SequenceR/Math/patch9-Math-85-SequenceR.patch,https://github.com/rjust/defects4j/blob/master/framework/projects/Math/patches/85.src.patch,
https://github.com/KTH/drr/blob/master/Patches/Doverfitting/SequenceR/Math/patch3-Math-85-SequenceR.patch,https://github.com/rjust/defects4j/blob/master/framework/projects/Math/patches/85.src.patch,
https://github.com/KTH/drr/blob/master/Patches/Doverfitting/SequenceR/Math/patch7-Math-85-SequenceR.patch,https://github.com/rjust/defects4j/blob/master/framework/projects/Math/patches/85.src.patch,
https://github.com/KTH/drr/blob/master/Patches/Doverfitting/SequenceR/Math/patch16-Math-85-SequenceR.patch,https://github.com/rjust/defects4j/blob/master/framework/projects/Math/patches/85.src.patch,
https://github.com/KTH/drr/blob/master/Patches/Doverfitting/SequenceR/Math/patch11-Math-85-SequenceR.patch,https://github.com/rjust/defects4j/blob/master/framework/projects/Math/patches/85.src.patch,
https://github.com/KTH/drr/blob/master/Patches/Doverfitting/SequenceR/Closure/patch1-Closure-38-SequenceR.patch,https://github.com/rjust/defects4j/blob/master/framework/projects/Closure/patches/38.src.patch,
https://github.com/KTH/drr/blob/master/Patches/Doverfitting/SequenceR/Closure/patch4-Closure-92-SequenceR.patch,https://github.com/rjust/defects4j/blob/master/framework/projects/Closure/patches/92.src.patch,
https://github.com/KTH/drr/blob/master/Patches/Doverfitting/SequenceR/Closure/patch2-Closure-38-SequenceR.patch,https://github.com/rjust/defects4j/blob/master/framework/projects/Closure/patches/38.src.patch,
https://github.com/KTH/drr/blob/master/Patches/Doverfitting/SequenceR/Closure/patch5-Closure-93-SequenceR.patch,https://github.com/rjust/defects4j/blob/master/framework/projects/Closure/patches/93.src.patch,
https://github.com/KTH/drr/blob/master/Patches/Doverfitting/SequenceR/Closure/patch3-Closure-86-SequenceR.patch,https://github.com/rjust/defects4j/blob/master/framework/projects/Closure/patches/86.src.patch,
https://github.com/KTH/drr/blob/master/Patches/Doverfitting/SequenceR/Closure/patch9-Closure-93-SequenceR.patch,https://github.com/rjust/defects4j/blob/master/framework/projects/Closure/patches/93.src.patch,
https://github.com/KTH/drr/blob/master/Patches/Doverfitting/SequenceR/Closure/patch5-Closure-86-SequenceR.patch,https://github.com/rjust/defects4j/blob/master/framework/projects/Closure/patches/86.src.patch,
https://github.com/KTH/drr/blob/master/Patches/Doverfitting/SequenceR/Closure/patch2-Closure-93-SequenceR.patch,https://github.com/rjust/defects4j/blob/master/framework/projects/Closure/patches/93.src.patch,
https://github.com/KTH/drr/blob/master/Patches/Doverfitting/SequenceR/Closure/patch7-Closure-92-SequenceR.patch,https://github.com/rjust/defects4j/blob/master/framework/projects/Closure/patches/92.src.patch,
https://github.com/KTH/drr/blob/master/Patches/Doverfitting/SequenceR/Closure/patch10-Closure-92-SequenceR.patch,https://github.com/rjust/defects4j/blob/master/framework/projects/Closure/patches/92.src.patch,
https://github.com/KTH/drr/blob/master/Patches/Doverfitting/SequenceR/Closure/patch5-Closure-92-SequenceR.patch,https://github.com/rjust/defects4j/blob/master/framework/projects/Closure/patches/92.src.patch,
https://github.com/KTH/drr/blob/master/Patches/Doverfitting/SequenceR/Closure/patch8-Closure-93-SequenceR.patch,https://github.com/rjust/defects4j/blob/master/framework/projects/Closure/patches/93.src.patch,
https://github.com/KTH/drr/blob/master/Patches/Doverfitting/SequenceR/Closure/patch1-Closure-18-SequenceR.patch,https://github.com/rjust/defects4j/blob/master/framework/projects/Closure/patches/18.src.patch,
https://github.com/KTH/drr/blob/master/Patches/Doverfitting/SequenceR/Closure/patch4-Closure-86-SequenceR.patch,https://github.com/rjust/defects4j/blob/master/framework/projects/Closure/patches/86.src.patch,
https://github.com/KTH/drr/blob/master/Patches/Doverfitting/SequenceR/Closure/patch9-Closure-92-SequenceR.patch,https://github.com/rjust/defects4j/blob/master/framework/projects/Closure/patches/92.src.patch,
https://github.com/KTH/drr/blob/master/Patches/Doverfitting/SequenceR/Closure/patch3-Closure-92-SequenceR.patch,https://github.com/rjust/defects4j/blob/master/framework/projects/Closure/patches/92.src.patch,
https://github.com/KTH/drr/blob/master/Patches/Doverfitting/SequenceR/Closure/patch5-Closure-18-SequenceR.patch,https://github.com/rjust/defects4j/blob/master/framework/projects/Closure/patches/18.src.patch,
https://github.com/KTH/drr/blob/master/Patches/Doverfitting/SequenceR/Closure/patch3-Closure-38-SequenceR.patch,https://github.com/rjust/defects4j/blob/master/framework/projects/Closure/patches/38.src.patch,
https://github.com/KTH/drr/blob/master/Patches/Doverfitting/SequenceR/Closure/patch4-Closure-93-SequenceR.patch,https://github.com/rjust/defects4j/blob/master/framework/projects/Closure/patches/93.src.patch,
https://github.com/KTH/drr/blob/master/Patches/Doverfitting/SequenceR/Closure/patch1-Closure-92-SequenceR.patch,https://github.com/rjust/defects4j/blob/master/framework/projects/Closure/patches/92.src.patch,
https://github.com/KTH/drr/blob/master/Patches/Doverfitting/SequenceR/Closure/patch10-Closure-93-SequenceR.patch,https://github.com/rjust/defects4j/blob/master/framework/projects/Closure/patches/93.src.patch,
https://github.com/KTH/drr/blob/master/Patches/Doverfitting/SequenceR/Closure/patch6-Closure-93-SequenceR.patch,https://github.com/rjust/defects4j/blob/master/framework/projects/Closure/patches/93.src.patch,
https://github.com/KTH/drr/blob/master/Patches/Doverfitting/SequenceR/Closure/patch8-Closure-92-SequenceR.patch,https://github.com/rjust/defects4j/blob/master/framework/projects/Closure/patches/92.src.patch,
https://github.com/KTH/drr/blob/master/Patches/Doverfitting/SequenceR/Closure/patch2-Closure-86-SequenceR.patch,https://github.com/rjust/defects4j/blob/master/framework/projects/Closure/patches/86.src.patch,
https://github.com/KTH/drr/blob/master/Patches/Doverfitting/SequenceR/Closure/patch4-Closure-18-SequenceR.patch,https://github.com/rjust/defects4j/blob/master/framework/projects/Closure/patches/18.src.patch,
https://github.com/KTH/drr/blob/master/Patches/Doverfitting/SequenceR/Closure/patch3-Closure-18-SequenceR.patch,https://github.com/rjust/defects4j/blob/master/framework/projects/Closure/patches/18.src.patch,
https://github.com/KTH/drr/blob/master/Patches/Doverfitting/SequenceR/Closure/patch1-Closure-93-SequenceR.patch,https://github.com/rjust/defects4j/blob/master/framework/projects/Closure/patches/93.src.patch,
https://github.com/KTH/drr/blob/master/Patches/Doverfitting/SequenceR/Closure/patch1-Closure-73-SequenceR.patch,https://github.com/rjust/defects4j/blob/master/framework/projects/Closure/patches/73.src.patch,
https://github.com/KTH/drr/blob/master/Patches/Doverfitting/SequenceR/Closure/patch3-Closure-93-SequenceR.patch,https://github.com/rjust/defects4j/blob/master/framework/projects/Closure/patches/93.src.patch,
https://github.com/KTH/drr/blob/master/Patches/Doverfitting/SequenceR/Closure/patch2-Closure-92-SequenceR.patch,https://github.com/rjust/defects4j/blob/master/framework/projects/Closure/patches/92.src.patch,
https://github.com/KTH/drr/blob/master/Patches/Doverfitting/SequenceR/Closure/patch1-Closure-123-SequenceR.patch,https://github.com/rjust/defects4j/blob/master/framework/projects/Closure/patches/123.src.patch,
https://github.com/KTH/drr/blob/master/Patches/Doverfitting/SequenceR/Closure/patch6-Closure-92-SequenceR.patch,https://github.com/rjust/defects4j/blob/master/framework/projects/Closure/patches/92.src.patch,
https://github.com/KTH/drr/blob/master/Patches/Doverfitting/SequenceR/Chart/patch4-Chart-1-SequenceR.patch,https://github.com/rjust/defects4j/blob/master/framework/projects/Chart/patches/1.src.patch,
https://github.com/KTH/drr/blob/master/Patches/Doverfitting/SequenceR/Chart/patch2-Chart-1-SequenceR.patch,https://github.com/rjust/defects4j/blob/master/framework/projects/Chart/patches/1.src.patch,
https://github.com/KTH/drr/blob/master/Patches/Doverfitting/SequenceR/Chart/patch3-Chart-1-SequenceR.patch,https://github.com/rjust/defects4j/blob/master/framework/projects/Chart/patches/1.src.patch,
https://github.com/KTH/drr/blob/master/Patches/Doverfitting/Nopol2015/Lang/patch1-Lang-51-Nopol2015-plausible.patch,https://github.com/rjust/defects4j/blob/master/framework/projects/Lang/patches/51.src.patch,
https://github.com/KTH/drr/blob/master/Patches/Doverfitting/Nopol2015/Lang/patch1-Lang-39-Nopol2015-plausible.patch,https://github.com/rjust/defects4j/blob/master/framework/projects/Lang/patches/39.src.patch,
https://github.com/KTH/drr/blob/master/Patches/Doverfitting/Nopol2015/Math/patch1-Math-49-Nopol2015-plausible.patch,https://github.com/rjust/defects4j/blob/master/framework/projects/Math/patches/49.src.patch,
https://github.com/KTH/drr/blob/master/Patches/Doverfitting/Nopol2015/Math/patch1-Math-58-Nopol2015-plausible.patch,https://github.com/rjust/defects4j/blob/master/framework/projects/Math/patches/58.src.patch,
https://github.com/KTH/drr/blob/master/Patches/Doverfitting/Nopol2015/Math/patch1-Math-85-Nopol2015-plausible.patch,https://github.com/rjust/defects4j/blob/master/framework/projects/Math/patches/85.src.patch,
https://github.com/KTH/drr/blob/master/Patches/Doverfitting/Nopol2015/Time/patch1-Time-11-Nopol2015-plausible.patch,https://github.com/rjust/defects4j/blob/master/framework/projects/Time/patches/11.src.patch,
https://github.com/KTH/drr/blob/master/Patches/Doverfitting/Arja/Lang/patch2-Lang-7-Arja-plausible.patch,https://github.com/rjust/defects4j/blob/master/framework/projects/Lang/patches/7.src.patch,
https://github.com/KTH/drr/blob/master/Patches/Doverfitting/Arja/Lang/patch3-Lang-22-Arja-plausible.patch,https://github.com/rjust/defects4j/blob/master/framework/projects/Lang/patches/22.src.patch,
https://github.com/KTH/drr/blob/master/Patches/Doverfitting/Arja/Lang/patch2-Lang-16-Arja-plausible.patch,https://github.com/rjust/defects4j/blob/master/framework/projects/Lang/patches/16.src.patch,
https://github.com/KTH/drr/blob/master/Patches/Doverfitting/Arja/Lang/patch7-Lang-59-Arja-plausible.patch,https://github.com/rjust/defects4j/blob/master/framework/projects/Lang/patches/59.src.patch,
https://github.com/KTH/drr/blob/master/Patches/Doverfitting/Arja/Lang/patch2-Lang-63-Arja-plausible.patch,https://github.com/rjust/defects4j/blob/master/framework/projects/Lang/patches/63.src.patch,
https://github.com/KTH/drr/blob/master/Patches/Doverfitting/Arja/Lang/patch1-Lang-59-Arja-plausible.patch,https://github.com/rjust/defects4j/blob/master/framework/projects/Lang/patches/59.src.patch,
https://github.com/KTH/drr/blob/master/Patches/Doverfitting/Arja/Lang/patch4-Lang-55-Arja-plausible.patch,https://github.com/rjust/defects4j/blob/master/framework/projects/Lang/patches/55.src.patch,
https://github.com/KTH/drr/blob/master/Patches/Doverfitting/Arja/Lang/patch4-Lang-22-Arja-plausible.patch,https://github.com/rjust/defects4j/blob/master/framework/projects/Lang/patches/22.src.patch,
https://github.com/KTH/drr/blob/master/Patches/Doverfitting/Arja/Lang/patch1-Lang-39-Arja-plausible.patch,https://github.com/rjust/defects4j/blob/master/framework/projects/Lang/patches/39.src.patch,
https://github.com/KTH/drr/blob/master/Patches/Doverfitting/Arja/Lang/patch2-Lang-51-Arja-plausible.patch,https://github.com/rjust/defects4j/blob/master/framework/projects/Lang/patches/51.src.patch,
https://github.com/KTH/drr/blob/master/Patches/Doverfitting/Arja/Lang/patch2-Lang-55-Arja-plausible.patch,https://github.com/rjust/defects4j/blob/master/framework/projects/Lang/patches/55.src.patch,
https://github.com/KTH/drr/blob/master/Patches/Doverfitting/Arja/Lang/patch1-Lang-61-Arja-plausible.patch,https://github.com/rjust/defects4j/blob/master/framework/projects/Lang/patches/61.src.patch,
https://github.com/KTH/drr/blob/master/Patches/Doverfitting/Arja/Lang/patch3-Lang-43-Arja-plausible.patch,https://github.com/rjust/defects4j/blob/master/framework/projects/Lang/patches/43.src.patch,
https://github.com/KTH/drr/blob/master/Patches/Doverfitting/Arja/Lang/patch3-Lang-20-Arja-plausible.patch,https://github.com/rjust/defects4j/blob/master/framework/projects/Lang/patches/20.src.patch,
https://github.com/KTH/drr/blob/master/Patches/Doverfitting/Arja/Lang/patch4-Lang-61-Arja-plausible.patch,https://github.com/rjust/defects4j/blob/master/framework/projects/Lang/patches/61.src.patch,
https://github.com/KTH/drr/blob/master/Patches/Doverfitting/Arja/Lang/patch1-Lang-16-Arja-plausible.patch,https://github.com/rjust/defects4j/blob/master/framework/projects/Lang/patches/16.src.patch,
https://github.com/KTH/drr/blob/master/Patches/Doverfitting/Arja/Lang/patch1-Lang-60-Arja-plausible.patch,https://github.com/rjust/defects4j/blob/master/framework/projects/Lang/patches/60.src.patch,
https://github.com/KTH/drr/blob/master/Patches/Doverfitting/Arja/Lang/patch1-Lang-43-Arja-plausible.patch,https://github.com/rjust/defects4j/blob/master/framework/projects/Lang/patches/43.src.patch,
https://github.com/KTH/drr/blob/master/Patches/Doverfitting/Arja/Lang/patch1-Lang-63-Arja-plausible.patch,https://github.com/rjust/defects4j/blob/master/framework/projects/Lang/patches/63.src.patch,
https://github.com/KTH/drr/blob/master/Patches/Doverfitting/Arja/Lang/patch2-Lang-22-Arja-plausible.patch,https://github.com/rjust/defects4j/blob/master/framework/projects/Lang/patches/22.src.patch,
https://github.com/KTH/drr/blob/master/Patches/Doverfitting/Arja/Lang/patch4-Lang-63-Arja-plausible.patch,https://github.com/rjust/defects4j/blob/master/framework/projects/Lang/patches/63.src.patch,
https://github.com/KTH/drr/blob/master/Patches/Doverfitting/Arja/Lang/patch2-Lang-61-Arja-plausible.patch,https://github.com/rjust/defects4j/blob/master/framework/projects/Lang/patches/61.src.patch,
https://github.com/KTH/drr/blob/master/Patches/Doverfitting/Arja/Lang/patch2-Lang-59-Arja-plausible.patch,https://github.com/rjust/defects4j/blob/master/framework/projects/Lang/patches/59.src.patch,
https://github.com/KTH/drr/blob/master/Patches/Doverfitting/Arja/Lang/patch1-Lang-7-Arja-plausible.patch,https://github.com/rjust/defects4j/blob/master/framework/projects/Lang/patches/7.src.patch,
https://github.com/KTH/drr/blob/master/Patches/Doverfitting/Arja/Lang/patch6-Lang-59-Arja-plausible.patch,https://github.com/rjust/defects4j/blob/master/framework/projects/Lang/patches/59.src.patch,
https://github.com/KTH/drr/blob/master/Patches/Doverfitting/Arja/Lang/patch1-Lang-55-Arja-plausible.patch,https://github.com/rjust/defects4j/blob/master/framework/projects/Lang/patches/55.src.patch,
https://github.com/KTH/drr/blob/master/Patches/Doverfitting/Arja/Lang/patch5-Lang-50-Arja-plausible.patch,https://github.com/rjust/defects4j/blob/master/framework/projects/Lang/patches/50.src.patch,
https://github.com/KTH/drr/blob/master/Patches/Doverfitting/Arja/Lang/patch4-Lang-59-Arja-plausible.patch,https://github.com/rjust/defects4j/blob/master/framework/projects/Lang/patches/59.src.patch,
https://github.com/KTH/drr/blob/master/Patches/Doverfitting/Arja/Lang/patch3-Lang-63-Arja-plausible.patch,https://github.com/rjust/defects4j/blob/master/framework/projects/Lang/patches/63.src.patch,
https://github.com/KTH/drr/blob/master/Patches/Doverfitting/Arja/Lang/patch1-Lang-41-Arja-plausible.patch,https://github.com/rjust/defects4j/blob/master/framework/projects/Lang/patches/41.src.patch,
https://github.com/KTH/drr/blob/master/Patches/Doverfitting/Arja/Lang/patch1-Lang-51-Arja-plausible.patch,https://github.com/rjust/defects4j/blob/master/framework/projects/Lang/patches/51.src.patch,
https://github.com/KTH/drr/blob/master/Patches/Doverfitting/Arja/Lang/patch8-Lang-59-Arja-plausible.patch,https://github.com/rjust/defects4j/blob/master/framework/projects/Lang/patches/59.src.patch,
https://github.com/KTH/drr/blob/master/Patches/Doverfitting/Arja/Lang/patch3-Lang-61-Arja-plausible.patch,https://github.com/rjust/defects4j/blob/master/framework/projects/Lang/patches/61.src.patch,
https://github.com/KTH/drr/blob/master/Patches/Doverfitting/Arja/Lang/patch1-Lang-22-Arja-plausible.patch,https://github.com/rjust/defects4j/blob/master/framework/projects/Lang/patches/22.src.patch,
https://github.com/KTH/drr/blob/master/Patches/Doverfitting/Arja/Lang/patch5-Lang-55-Arja-plausible.patch,https://github.com/rjust/defects4j/blob/master/framework/projects/Lang/patches/55.src.patch,
https://github.com/KTH/drr/blob/master/Patches/Doverfitting/Arja/Lang/patch3-Lang-55-Arja-plausible.patch,https://github.com/rjust/defects4j/blob/master/framework/projects/Lang/patches/55.src.patch,
https://github.com/KTH/drr/blob/master/Patches/Doverfitting/Arja/Lang/patch1-Lang-20-Arja-plausible.patch,https://github.com/rjust/defects4j/blob/master/framework/projects/Lang/patches/20.src.patch,
https://github.com/KTH/drr/blob/master/Patches/Doverfitting/Arja/Lang/patch3-Lang-59-Arja-plausible.patch,https://github.com/rjust/defects4j/blob/master/framework/projects/Lang/patches/59.src.patch,
https://github.com/KTH/drr/blob/master/Patches/Doverfitting/Arja/Lang/patch7-Lang-7-Arja-plausible.patch,https://github.com/rjust/defects4j/blob/master/framework/projects/Lang/patches/7.src.patch,
https://github.com/KTH/drr/blob/master/Patches/Doverfitting/Arja/Lang/patch6-Lang-50-Arja-plausible.patch,https://github.com/rjust/defects4j/blob/master/framework/projects/Lang/patches/50.src.patch,
https://github.com/KTH/drr/blob/master/Patches/Doverfitting/Arja/Lang/patch5-Lang-63-Arja-plausible.patch,https://github.com/rjust/defects4j/blob/master/framework/projects/Lang/patches/63.src.patch,
https://github.com/KTH/drr/blob/master/Patches/Doverfitting/Arja/Lang/patch1-Lang-50-Arja-plausible.patch,https://github.com/rjust/defects4j/blob/master/framework/projects/Lang/patches/50.src.patch,
https://github.com/KTH/drr/blob/master/Patches/Doverfitting/Arja/Lang/patch4-Lang-7-Arja-plausible.patch,https://github.com/rjust/defects4j/blob/master/framework/projects/Lang/patches/7.src.patch,
https://github.com/KTH/drr/blob/master/Patches/Doverfitting/Arja/Lang/patch2-Lang-20-Arja-plausible.patch,https://github.com/rjust/defects4j/blob/master/framework/projects/Lang/patches/20.src.patch,
https://github.com/KTH/drr/blob/master/Patches/Doverfitting/Arja/Lang/patch3-Lang-50-Arja-plausible.patch,https://github.com/rjust/defects4j/blob/master/framework/projects/Lang/patches/50.src.patch,
https://github.com/KTH/drr/blob/master/Patches/Doverfitting/Arja/Lang/patch2-Lang-50-Arja-plausible.patch,https://github.com/rjust/defects4j/blob/master/framework/projects/Lang/patches/50.src.patch,
https://github.com/KTH/drr/blob/master/Patches/Doverfitting/Arja/Lang/patch2-Lang-43-Arja-plausible.patch,https://github.com/rjust/defects4j/blob/master/framework/projects/Lang/patches/43.src.patch,
https://github.com/KTH/drr/blob/master/Patches/Doverfitting/Arja/Lang/patch3-Lang-7-Arja-plausible.patch,https://github.com/rjust/defects4j/blob/master/framework/projects/Lang/patches/7.src.patch,
https://github.com/KTH/drr/blob/master/Patches/Doverfitting/Arja/Lang/patch4-Lang-43-Arja-plausible.patch,https://github.com/rjust/defects4j/blob/master/framework/projects/Lang/patches/43.src.patch,
https://github.com/KTH/drr/blob/master/Patches/Doverfitting/Arja/Lang/patch5-Lang-7-Arja-plausible.patch,https://github.com/rjust/defects4j/blob/master/framework/projects/Lang/patches/7.src.patch,
https://github.com/KTH/drr/blob/master/Patches/Doverfitting/Arja/Lang/patch4-Lang-50-Arja-plausible.patch,https://github.com/rjust/defects4j/blob/master/framework/projects/Lang/patches/50.src.patch,
https://github.com/KTH/drr/blob/master/Patches/Doverfitting/Arja/Lang/patch9-Lang-59-Arja-plausible.patch,https://github.com/rjust/defects4j/blob/master/framework/projects/Lang/patches/59.src.patch,
https://github.com/KTH/drr/blob/master/Patches/Doverfitting/Arja/Lang/patch5-Lang-59-Arja-plausible.patch,https://github.com/rjust/defects4j/blob/master/framework/projects/Lang/patches/59.src.patch,
https://github.com/KTH/drr/blob/master/Patches/Doverfitting/Arja/Lang/patch6-Lang-7-Arja-plausible.patch,https://github.com/rjust/defects4j/blob/master/framework/projects/Lang/patches/7.src.patch,
https://github.com/KTH/drr/blob/master/Patches/Doverfitting/Arja/Math/patch2-Math-56-Arja-plausible.patch,https://github.com/rjust/defects4j/blob/master/framework/projects/Math/patches/56.src.patch,
https://github.com/KTH/drr/blob/master/Patches/Doverfitting/Arja/Math/patch1-Math-2-Arja-plausible.patch,https://github.com/rjust/defects4j/blob/master/framework/projects/Math/patches/2.src.patch,
https://github.com/KTH/drr/blob/master/Patches/Doverfitting/Arja/Math/patch2-Math-8-Arja-plausible.patch,https://github.com/rjust/defects4j/blob/master/framework/projects/Math/patches/8.src.patch,
https://github.com/KTH/drr/blob/master/Patches/Doverfitting/Arja/Math/patch6-Math-28-Arja-plausible.patch,https://github.com/rjust/defects4j/blob/master/framework/projects/Math/patches/28.src.patch,
https://github.com/KTH/drr/blob/master/Patches/Doverfitting/Arja/Math/patch3-Math-8-Arja-plausible.patch,https://github.com/rjust/defects4j/blob/master/framework/projects/Math/patches/8.src.patch,
https://github.com/KTH/drr/blob/master/Patches/Doverfitting/Arja/Math/patch8-Math-28-Arja-plausible.patch,https://github.com/rjust/defects4j/blob/master/framework/projects/Math/patches/28.src.patch,
https://github.com/KTH/drr/blob/master/Patches/Doverfitting/Arja/Math/patch2-Math-31-Arja-plausible.patch,https://github.com/rjust/defects4j/blob/master/framework/projects/Math/patches/31.src.patch,
https://github.com/KTH/drr/blob/master/Patches/Doverfitting/Arja/Math/patch1-Math-74-Arja-plausible.patch,https://github.com/rjust/defects4j/blob/master/framework/projects/Math/patches/74.src.patch,
https://github.com/KTH/drr/blob/master/Patches/Doverfitting/Arja/Math/patch9-Math-20-Arja-plausible.patch,https://github.com/rjust/defects4j/blob/master/framework/projects/Math/patches/20.src.patch,
https://github.com/KTH/drr/blob/master/Patches/Doverfitting/Arja/Math/patch5-Math-49-Arja-plausible.patch,https://github.com/rjust/defects4j/blob/master/framework/projects/Math/patches/49.src.patch,
https://github.com/KTH/drr/blob/master/Patches/Doverfitting/Arja/Math/patch3-Math-20-Arja-plausible.patch,https://github.com/rjust/defects4j/blob/master/framework/projects/Math/patches/20.src.patch,
https://github.com/KTH/drr/blob/master/Patches/Doverfitting/Arja/Math/patch2-Math-49-Arja-plausible.patch,https://github.com/rjust/defects4j/blob/master/framework/projects/Math/patches/49.src.patch,
https://github.com/KTH/drr/blob/master/Patches/Doverfitting/Arja/Math/patch6-Math-49-Arja-plausible.patch,https://github.com/rjust/defects4j/blob/master/framework/projects/Math/patches/49.src.patch,
https://github.com/KTH/drr/blob/master/Patches/Doverfitting/Arja/Math/patch4-Math-8-Arja-plausible.patch,https://github.com/rjust/defects4j/blob/master/framework/projects/Math/patches/8.src.patch,
https://github.com/KTH/drr/blob/master/Patches/Doverfitting/Arja/Math/patch13-Math-80-Arja-plausible.patch,https://github.com/rjust/defects4j/blob/master/framework/projects/Math/patches/80.src.patch,
https://github.com/KTH/drr/blob/master/Patches/Doverfitting/Arja/Math/patch6-Math-8-Arja-plausible.patch,https://github.com/rjust/defects4j/blob/master/framework/projects/Math/patches/8.src.patch,
https://github.com/KTH/drr/blob/master/Patches/Doverfitting/Arja/Math/patch1-Math-8-Arja-plausible.patch,https://github.com/rjust/defects4j/blob/master/framework/projects/Math/patches/8.src.patch,
https://github.com/KTH/drr/blob/master/Patches/Doverfitting/Arja/Math/patch1-Math-80-Arja-plausible.patch,https://github.com/rjust/defects4j/blob/master/framework/projects/Math/patches/80.src.patch,
https://github.com/KTH/drr/blob/master/Patches/Doverfitting/Arja/Math/patch5-Math-80-Arja-plausible.patch,https://github.com/rjust/defects4j/blob/master/framework/projects/Math/patches/80.src.patch,
https://github.com/KTH/drr/blob/master/Patches/Doverfitting/Arja/Math/patch8-Math-20-Arja-plausible.patch,https://github.com/rjust/defects4j/blob/master/framework/projects/Math/patches/20.src.patch,
https://github.com/KTH/drr/blob/master/Patches/Doverfitting/Arja/Math/patch7-Math-28-Arja-plausible.patch,https://github.com/rjust/defects4j/blob/master/framework/projects/Math/patches/28.src.patch,
https://github.com/KTH/drr/blob/master/Patches/Doverfitting/Arja/Math/patch6-Math-80-Arja-plausible.patch,https://github.com/rjust/defects4j/blob/master/framework/projects/Math/patches/80.src.patch,
https://github.com/KTH/drr/blob/master/Patches/Doverfitting/Arja/Math/patch4-Math-80-Arja-plausible.patch,https://github.com/rjust/defects4j/blob/master/framework/projects/Math/patches/80.src.patch,
https://github.com/KTH/drr/blob/master/Patches/Doverfitting/Arja/Math/patch12-Math-80-Arja-plausible.patch,https://github.com/rjust/defects4j/blob/master/framework/projects/Math/patches/80.src.patch,
https://github.com/KTH/drr/blob/master/Patches/Doverfitting/Arja/Math/patch2-Math-28-Arja-plausible.patch,https://github.com/rjust/defects4j/blob/master/framework/projects/Math/patches/28.src.patch,
https://github.com/KTH/drr/blob/master/Patches/Doverfitting/Arja/Math/patch2-Math-80-Arja-plausible.patch,https://github.com/rjust/defects4j/blob/master/framework/projects/Math/patches/80.src.patch,
https://github.com/KTH/drr/blob/master/Patches/Doverfitting/Arja/Math/patch2-Math-20-Arja-plausible.patch,https://github.com/rjust/defects4j/blob/master/framework/projects/Math/patches/20.src.patch,
https://github.com/KTH/drr/blob/master/Patches/Doverfitting/Arja/Math/patch1-Math-31-Arja-plausible.patch,https://github.com/rjust/defects4j/blob/master/framework/projects/Math/patches/31.src.patch,
https://github.com/KTH/drr/blob/master/Patches/Doverfitting/Arja/Math/patch5-Math-20-Arja-plausible.patch,https://github.com/rjust/defects4j/blob/master/framework/projects/Math/patches/20.src.patch,
https://github.com/KTH/drr/blob/master/Patches/Doverfitting/Arja/Math/patch5-Math-2-Arja-plausible.patch,https://github.com/rjust/defects4j/blob/master/framework/projects/Math/patches/2.src.patch,
https://github.com/KTH/drr/blob/master/Patches/Doverfitting/Arja/Math/patch4-Math-49-Arja-plausible.patch,https://github.com/rjust/defects4j/blob/master/framework/projects/Math/patches/49.src.patch,
https://github.com/KTH/drr/blob/master/Patches/Doverfitting/Arja/Math/patch10-Math-80-Arja-plausible.patch,https://github.com/rjust/defects4j/blob/master/framework/projects/Math/patches/80.src.patch,
https://github.com/KTH/drr/blob/master/Patches/Doverfitting/Arja/Math/patch4-Math-2-Arja-plausible.patch,https://github.com/rjust/defects4j/blob/master/framework/projects/Math/patches/2.src.patch,
https://github.com/KTH/drr/blob/master/Patches/Doverfitting/Arja/Math/patch6-Math-2-Arja-plausible.patch,https://github.com/rjust/defects4j/blob/master/framework/projects/Math/patches/2.src.patch,
https://github.com/KTH/drr/blob/master/Patches/Doverfitting/Arja/Math/patch3-Math-80-Arja-plausible.patch,https://github.com/rjust/defects4j/blob/master/framework/projects/Math/patches/80.src.patch,
https://github.com/KTH/drr/blob/master/Patches/Doverfitting/Arja/Math/patch1-Math-71-Arja-plausible.patch,https://github.com/rjust/defects4j/blob/master/framework/projects/Math/patches/71.src.patch,
https://github.com/KTH/drr/blob/master/Patches/Doverfitting/Arja/Math/patch7-Math-49-Arja-plausible.patch,https://github.com/rjust/defects4j/blob/master/framework/projects/Math/patches/49.src.patch,
https://github.com/KTH/drr/blob/master/Patches/Doverfitting/Arja/Math/patch9-Math-80-Arja-plausible.patch,https://github.com/rjust/defects4j/blob/master/framework/projects/Math/patches/80.src.patch,
https://github.com/KTH/drr/blob/master/Patches/Doverfitting/Arja/Math/patch1-Math-6-Arja-plausible.patch,https://github.com/rjust/defects4j/blob/master/framework/projects/Math/patches/6.src.patch,
https://github.com/KTH/drr/blob/master/Patches/Doverfitting/Arja/Math/patch2-Math-6-Arja-plausible.patch,https://github.com/rjust/defects4j/blob/master/framework/projects/Math/patches/6.src.patch,
https://github.com/KTH/drr/blob/master/Patches/Doverfitting/Arja/Math/patch2-Math-2-Arja-plausible.patch,https://github.com/rjust/defects4j/blob/master/framework/projects/Math/patches/2.src.patch,
https://github.com/KTH/drr/blob/master/Patches/Doverfitting/Arja/Math/patch1-Math-28-Arja-plausible.patch,https://github.com/rjust/defects4j/blob/master/framework/projects/Math/patches/28.src.patch,
https://github.com/KTH/drr/blob/master/Patches/Doverfitting/Arja/Math/patch1-Math-56-Arja-plausible.patch,https://github.com/rjust/defects4j/blob/master/framework/projects/Math/patches/56.src.patch,
https://github.com/KTH/drr/blob/master/Patches/Doverfitting/Arja/Math/patch7-Math-80-Arja-plausible.patch,https://github.com/rjust/defects4j/blob/master/framework/projects/Math/patches/80.src.patch,
https://github.com/KTH/drr/blob/master/Patches/Doverfitting/Arja/Math/patch5-Math-8-Arja-plausible.patch,https://github.com/rjust/defects4j/blob/master/framework/projects/Math/patches/8.src.patch,
https://github.com/KTH/drr/blob/master/Patches/Doverfitting/Arja/Math/patch8-Math-80-Arja-plausible.patch,https://github.com/rjust/defects4j/blob/master/framework/projects/Math/patches/80.src.patch,
https://github.com/KTH/drr/blob/master/Patches/Doverfitting/Arja/Math/patch3-Math-49-Arja-plausible.patch,https://github.com/rjust/defects4j/blob/master/framework/projects/Math/patches/49.src.patch,
https://github.com/KTH/drr/blob/master/Patches/Doverfitting/Arja/Math/patch4-Math-31-Arja-plausible.patch,https://github.com/rjust/defects4j/blob/master/framework/projects/Math/patches/31.src.patch,
https://github.com/KTH/drr/blob/master/Patches/Doverfitting/Arja/Math/patch7-Math-2-Arja-plausible.patch,https://github.com/rjust/defects4j/blob/master/framework/projects/Math/patches/2.src.patch,
https://github.com/KTH/drr/blob/master/Patches/Doverfitting/Arja/Math/patch11-Math-20-Arja-plausible.patch,https://github.com/rjust/defects4j/blob/master/framework/projects/Math/patches/20.src.patch,
https://github.com/KTH/drr/blob/master/Patches/Doverfitting/Arja/Math/patch1-Math-60-Arja-plausible.patch,https://github.com/rjust/defects4j/blob/master/framework/projects/Math/patches/60.src.patch,
https://github.com/KTH/drr/blob/master/Patches/Doverfitting/Arja/Math/patch3-Math-31-Arja-plausible.patch,https://github.com/rjust/defects4j/blob/master/framework/projects/Math/patches/31.src.patch,
https://github.com/KTH/drr/blob/master/Patches/Doverfitting/Arja/Math/patch3-Math-28-Arja-plausible.patch,https://github.com/rjust/defects4j/blob/master/framework/projects/Math/patches/28.src.patch,
https://github.com/KTH/drr/blob/master/Patches/Doverfitting/Arja/Math/patch7-Math-20-Arja-plausible.patch,https://github.com/rjust/defects4j/blob/master/framework/projects/Math/patches/20.src.patch,
https://github.com/KTH/drr/blob/master/Patches/Doverfitting/Arja/Math/patch9-Math-28-Arja-plausible.patch,https://github.com/rjust/defects4j/blob/master/framework/projects/Math/patches/28.src.patch,
https://github.com/KTH/drr/blob/master/Patches/Doverfitting/Arja/Math/patch8-Math-2-Arja-plausible.patch,https://github.com/rjust/defects4j/blob/master/framework/projects/Math/patches/2.src.patch,
https://github.com/KTH/drr/blob/master/Patches/Doverfitting/Arja/Math/patch5-Math-28-Arja-plausible.patch,https://github.com/rjust/defects4j/blob/master/framework/projects/Math/patches/28.src.patch,
https://github.com/KTH/drr/blob/master/Patches/Doverfitting/Arja/Math/patch6-Math-20-Arja-plausible.patch,https://github.com/rjust/defects4j/blob/master/framework/projects/Math/patches/20.src.patch,
https://github.com/KTH/drr/blob/master/Patches/Doverfitting/Arja/Math/patch1-Math-20-Arja-plausible.patch,https://github.com/rjust/defects4j/blob/master/framework/projects/Math/patches/20.src.patch,
https://github.com/KTH/drr/blob/master/Patches/Doverfitting/Arja/Math/patch10-Math-28-Arja-plausible.patch,https://github.com/rjust/defects4j/blob/master/framework/projects/Math/patches/28.src.patch,
https://github.com/KTH/drr/blob/master/Patches/Doverfitting/Arja/Math/patch11-Math-80-Arja-plausible.patch,https://github.com/rjust/defects4j/blob/master/framework/projects/Math/patches/80.src.patch,
https://github.com/KTH/drr/blob/master/Patches/Doverfitting/Arja/Math/patch4-Math-28-Arja-plausible.patch,https://github.com/rjust/defects4j/blob/master/framework/projects/Math/patches/28.src.patch,
https://github.com/KTH/drr/blob/master/Patches/Doverfitting/Arja/Math/patch15-Math-80-Arja-plausible.patch,https://github.com/rjust/defects4j/blob/master/framework/projects/Math/patches/80.src.patch,
https://github.com/KTH/drr/blob/master/Patches/Doverfitting/Arja/Math/patch6-Math-31-Arja-plausible.patch,https://github.com/rjust/defects4j/blob/master/framework/projects/Math/patches/31.src.patch,
https://github.com/KTH/drr/blob/master/Patches/Doverfitting/Arja/Math/patch10-Math-20-Arja-plausible.patch,https://github.com/rjust/defects4j/blob/master/framework/projects/Math/patches/20.src.patch,
https://github.com/KTH/drr/blob/master/Patches/Doverfitting/Arja/Math/patch14-Math-80-Arja-plausible.patch,https://github.com/rjust/defects4j/blob/master/framework/projects/Math/patches/80.src.patch,
https://github.com/KTH/drr/blob/master/Patches/Doverfitting/Arja/Math/patch1-Math-49-Arja-plausible.patch,https://github.com/rjust/defects4j/blob/master/framework/projects/Math/patches/49.src.patch,
https://github.com/KTH/drr/blob/master/Patches/Doverfitting/Arja/Math/patch5-Math-31-Arja-plausible.patch,https://github.com/rjust/defects4j/blob/master/framework/projects/Math/patches/31.src.patch,
https://github.com/KTH/drr/blob/master/Patches/Doverfitting/Arja/Math/patch3-Math-2-Arja-plausible.patch,https://github.com/rjust/defects4j/blob/master/framework/projects/Math/patches/2.src.patch,
https://github.com/KTH/drr/blob/master/Patches/Doverfitting/Arja/Math/patch11-Math-28-Arja-plausible.patch,https://github.com/rjust/defects4j/blob/master/framework/projects/Math/patches/28.src.patch,
https://github.com/KTH/drr/blob/master/Patches/Doverfitting/Arja/Math/patch1-Math-68-Arja-plausible.patch,https://github.com/rjust/defects4j/blob/master/framework/projects/Math/patches/68.src.patch,
https://github.com/KTH/drr/blob/master/Patches/Doverfitting/Arja/Math/patch7-Math-31-Arja-plausible.patch,https://github.com/rjust/defects4j/blob/master/framework/projects/Math/patches/31.src.patch,
https://github.com/KTH/drr/blob/master/Patches/Doverfitting/Arja/Math/patch7-Math-8-Arja-plausible.patch,https://github.com/rjust/defects4j/blob/master/framework/projects/Math/patches/8.src.patch,
https://github.com/KTH/drr/blob/master/Patches/Doverfitting/Arja/Time/patch4-Time-11-Arja-plausible.patch,https://github.com/rjust/defects4j/blob/master/framework/projects/Time/patches/11.src.patch,
https://github.com/KTH/drr/blob/master/Patches/Doverfitting/Arja/Time/patch5-Time-11-Arja-plausible.patch,https://github.com/rjust/defects4j/blob/master/framework/projects/Time/patches/11.src.patch,
https://github.com/KTH/drr/blob/master/Patches/Doverfitting/Arja/Time/patch2-Time-11-Arja-plausible.patch,https://github.com/rjust/defects4j/blob/master/framework/projects/Time/patches/11.src.patch,
https://github.com/KTH/drr/blob/master/Patches/Doverfitting/Arja/Time/patch7-Time-4-Arja-plausible.patch,https://github.com/rjust/defects4j/blob/master/framework/projects/Time/patches/4.src.patch,
https://github.com/KTH/drr/blob/master/Patches/Doverfitting/Arja/Time/patch1-Time-11-Arja-plausible.patch,https://github.com/rjust/defects4j/blob/master/framework/projects/Time/patches/11.src.patch,
https://github.com/KTH/drr/blob/master/Patches/Doverfitting/Arja/Time/patch7-Time-11-Arja-plausible.patch,https://github.com/rjust/defects4j/blob/master/framework/projects/Time/patches/11.src.patch,
https://github.com/KTH/drr/blob/master/Patches/Doverfitting/Arja/Time/patch1-Time-4-Arja-plausible.patch,https://github.com/rjust/defects4j/blob/master/framework/projects/Time/patches/4.src.patch,
https://github.com/KTH/drr/blob/master/Patches/Doverfitting/Arja/Time/patch1-Time-14-Arja-plausible.patch,https://github.com/rjust/defects4j/blob/master/framework/projects/Time/patches/14.src.patch,
https://github.com/KTH/drr/blob/master/Patches/Doverfitting/Arja/Time/patch3-Time-11-Arja-plausible.patch,https://github.com/rjust/defects4j/blob/master/framework/projects/Time/patches/11.src.patch,
https://github.com/KTH/drr/blob/master/Patches/Doverfitting/Arja/Time/patch3-Time-4-Arja-plausible.patch,https://github.com/rjust/defects4j/blob/master/framework/projects/Time/patches/4.src.patch,
https://github.com/KTH/drr/blob/master/Patches/Doverfitting/Arja/Time/patch6-Time-4-Arja-plausible.patch,https://github.com/rjust/defects4j/blob/master/framework/projects/Time/patches/4.src.patch,
https://github.com/KTH/drr/blob/master/Patches/Doverfitting/Arja/Time/patch6-Time-11-Arja-plausible.patch,https://github.com/rjust/defects4j/blob/master/framework/projects/Time/patches/11.src.patch,
https://github.com/KTH/drr/blob/master/Patches/Doverfitting/Arja/Time/patch2-Time-4-Arja-plausible.patch,https://github.com/rjust/defects4j/blob/master/framework/projects/Time/patches/4.src.patch,
https://github.com/KTH/drr/blob/master/Patches/Doverfitting/Arja/Time/patch4-Time-4-Arja-plausible.patch,https://github.com/rjust/defects4j/blob/master/framework/projects/Time/patches/4.src.patch,
https://github.com/KTH/drr/blob/master/Patches/Doverfitting/Arja/Time/patch5-Time-4-Arja-plausible.patch,https://github.com/rjust/defects4j/blob/master/framework/projects/Time/patches/4.src.patch,
https://github.com/KTH/drr/blob/master/Patches/Doverfitting/Arja/Chart/patch4-Chart-25-Arja-plausible.patch,https://github.com/rjust/defects4j/blob/master/framework/projects/Chart/patches/25.src.patch,
https://github.com/KTH/drr/blob/master/Patches/Doverfitting/Arja/Chart/patch2-Chart-15-Arja-plausible.patch,https://github.com/rjust/defects4j/blob/master/framework/projects/Chart/patches/15.src.patch,
https://github.com/KTH/drr/blob/master/Patches/Doverfitting/Arja/Chart/patch1-Chart-15-Arja-plausible.patch,https://github.com/rjust/defects4j/blob/master/framework/projects/Chart/patches/15.src.patch,
https://github.com/KTH/drr/blob/master/Patches/Doverfitting/Arja/Chart/patch3-Chart-1-Arja-plausible.patch,https://github.com/rjust/defects4j/blob/master/framework/projects/Chart/patches/1.src.patch,
https://github.com/KTH/drr/blob/master/Patches/Doverfitting/Arja/Chart/patch5-Chart-12-Arja-plausible.patch,https://github.com/rjust/defects4j/blob/master/framework/projects/Chart/patches/12.src.patch,
https://github.com/KTH/drr/blob/master/Patches/Doverfitting/Arja/Chart/patch6-Chart-12-Arja-plausible.patch,https://github.com/rjust/defects4j/blob/master/framework/projects/Chart/patches/12.src.patch,
https://github.com/KTH/drr/blob/master/Patches/Doverfitting/Arja/Chart/patch1-Chart-19-Arja-plausible.patch,https://github.com/rjust/defects4j/blob/master/framework/projects/Chart/patches/19.src.patch,
https://github.com/KTH/drr/blob/master/Patches/Doverfitting/Arja/Chart/patch6-Chart-1-Arja-plausible.patch,https://github.com/rjust/defects4j/blob/master/framework/projects/Chart/patches/1.src.patch,
https://github.com/KTH/drr/blob/master/Patches/Doverfitting/Arja/Chart/patch5-Chart-13-Arja-plausible.patch,https://github.com/rjust/defects4j/blob/master/framework/projects/Chart/patches/13.src.patch,
https://github.com/KTH/drr/blob/master/Patches/Doverfitting/Arja/Chart/patch5-Chart-1-Arja-plausible.patch,https://github.com/rjust/defects4j/blob/master/framework/projects/Chart/patches/1.src.patch,
https://github.com/KTH/drr/blob/master/Patches/Doverfitting/Arja/Chart/patch1-Chart-7-Arja-plausible.patch,https://github.com/rjust/defects4j/blob/master/framework/projects/Chart/patches/7.src.patch,
https://github.com/KTH/drr/blob/master/Patches/Doverfitting/Arja/Chart/patch3-Chart-25-Arja-plausible.patch,https://github.com/rjust/defects4j/blob/master/framework/projects/Chart/patches/25.src.patch,
https://github.com/KTH/drr/blob/master/Patches/Doverfitting/Arja/Chart/patch3-Chart-15-Arja-plausible.patch,https://github.com/rjust/defects4j/blob/master/framework/projects/Chart/patches/15.src.patch,
https://github.com/KTH/drr/blob/master/Patches/Doverfitting/Arja/Chart/patch4-Chart-12-Arja-plausible.patch,https://github.com/rjust/defects4j/blob/master/framework/projects/Chart/patches/12.src.patch,
https://github.com/KTH/drr/blob/master/Patches/Doverfitting/Arja/Chart/patch2-Chart-12-Arja-plausible.patch,https://github.com/rjust/defects4j/blob/master/framework/projects/Chart/patches/12.src.patch,
https://github.com/KTH/drr/blob/master/Patches/Doverfitting/Arja/Chart/patch7-Chart-12-Arja-plausible.patch,https://github.com/rjust/defects4j/blob/master/framework/projects/Chart/patches/12.src.patch,
https://github.com/KTH/drr/blob/master/Patches/Doverfitting/Arja/Chart/patch6-Chart-13-Arja-plausible.patch,https://github.com/rjust/defects4j/blob/master/framework/projects/Chart/patches/13.src.patch,
https://github.com/KTH/drr/blob/master/Patches/Doverfitting/Arja/Chart/patch2-Chart-1-Arja-plausible.patch,https://github.com/rjust/defects4j/blob/master/framework/projects/Chart/patches/1.src.patch,
https://github.com/KTH/drr/blob/master/Patches/Doverfitting/Arja/Chart/patch4-Chart-13-Arja-plausible.patch,https://github.com/rjust/defects4j/blob/master/framework/projects/Chart/patches/13.src.patch,
https://github.com/KTH/drr/blob/master/Patches/Doverfitting/Arja/Chart/patch2-Chart-25-Arja-plausible.patch,https://github.com/rjust/defects4j/blob/master/framework/projects/Chart/patches/25.src.patch,
https://github.com/KTH/drr/blob/master/Patches/Doverfitting/Arja/Chart/patch3-Chart-12-Arja-plausible.patch,https://github.com/rjust/defects4j/blob/master/framework/projects/Chart/patches/12.src.patch,
https://github.com/KTH/drr/blob/master/Patches/Doverfitting/Arja/Chart/patch3-Chart-13-Arja-plausible.patch,https://github.com/rjust/defects4j/blob/master/framework/projects/Chart/patches/13.src.patch,
https://github.com/KTH/drr/blob/master/Patches/Doverfitting/Arja/Chart/patch8-Chart-12-Arja-plausible.patch,https://github.com/rjust/defects4j/blob/master/framework/projects/Chart/patches/12.src.patch,
https://github.com/KTH/drr/blob/master/Patches/Doverfitting/Arja/Chart/patch4-Chart-1-Arja-plausible.patch,https://github.com/rjust/defects4j/blob/master/framework/projects/Chart/patches/1.src.patch,
https://github.com/KTH/drr/blob/master/Patches/Doverfitting/Arja/Chart/patch2-Chart-13-Arja-plausible.patch,https://github.com/rjust/defects4j/blob/master/framework/projects/Chart/patches/13.src.patch,
https://github.com/KTH/drr/blob/master/Patches/Doverfitting/Arja/Chart/patch1-Chart-1-Arja-plausible.patch,https://github.com/rjust/defects4j/blob/master/framework/projects/Chart/patches/1.src.patch,
https://github.com/KTH/drr/blob/master/Patches/Doverfitting/Arja/Chart/patch5-Chart-25-Arja-plausible.patch,https://github.com/rjust/defects4j/blob/master/framework/projects/Chart/patches/25.src.patch,
https://github.com/KTH/drr/blob/master/Patches/Doverfitting/Arja/Chart/patch1-Chart-12-Arja-plausible.patch,https://github.com/rjust/defects4j/blob/master/framework/projects/Chart/patches/12.src.patch,
https://github.com/KTH/drr/blob/master/Patches/Doverfitting/Arja/Chart/patch1-Chart-13-Arja-plausible.patch,https://github.com/rjust/defects4j/blob/master/framework/projects/Chart/patches/13.src.patch,
https://github.com/KTH/drr/blob/master/Patches/Doverfitting/SketchFix/Lang/patch1-Lang-6-SketchFix-plausible.patch,https://github.com/rjust/defects4j/blob/master/framework/projects/Lang/patches/6.src.patch,
https://github.com/KTH/drr/blob/master/Patches/Doverfitting/SketchFix/Lang/patch2-Lang-6-SketchFix-plausible.patch,https://github.com/rjust/defects4j/blob/master/framework/projects/Lang/patches/6.src.patch,
https://github.com/KTH/drr/blob/master/Patches/Doverfitting/SketchFix/Math/patch2-Math-70-SketchFix-plausible.patch,https://github.com/rjust/defects4j/blob/master/framework/projects/Math/patches/70.src.patch,
https://github.com/KTH/drr/blob/master/Patches/Doverfitting/SketchFix/Math/patch2-Math-82-SketchFix-plausible.patch,https://github.com/rjust/defects4j/blob/master/framework/projects/Math/patches/82.src.patch,
https://github.com/KTH/drr/blob/master/Patches/Doverfitting/SketchFix/Math/patch1-Math-70-SketchFix-plausible.patch,https://github.com/rjust/defects4j/blob/master/framework/projects/Math/patches/70.src.patch,
https://github.com/KTH/drr/blob/master/Patches/Doverfitting/SketchFix/Math/patch1-Math-33-SketchFix-plausible.patch,https://github.com/rjust/defects4j/blob/master/framework/projects/Math/patches/33.src.patch,
https://github.com/KTH/drr/blob/master/Patches/Doverfitting/SketchFix/Math/patch1-Math-82-SketchFix-plausible.patch,https://github.com/rjust/defects4j/blob/master/framework/projects/Math/patches/82.src.patch,
https://github.com/KTH/drr/blob/master/Patches/Doverfitting/SketchFix/Chart/patch2-Chart-1-SketchFix-plausible.patch,https://github.com/rjust/defects4j/blob/master/framework/projects/Chart/patches/1.src.patch,
https://github.com/KTH/drr/blob/master/Patches/Doverfitting/SketchFix/Chart/patch1-Chart-1-SketchFix-plausible.patch,https://github.com/rjust/defects4j/blob/master/framework/projects/Chart/patches/1.src.patch,
https://github.com/KTH/drr/blob/master/Patches/Doverfitting/CapGen/Lang/patch2-Lang-59-CapGen-plausible.patch,https://github.com/rjust/defects4j/blob/master/framework/projects/Lang/patches/59.src.patch,
https://github.com/KTH/drr/blob/master/Patches/Doverfitting/CapGen/Lang/patch3-Lang-59-CapGen-plausible.patch,https://github.com/rjust/defects4j/blob/master/framework/projects/Lang/patches/59.src.patch,
https://github.com/KTH/drr/blob/master/Patches/Doverfitting/CapGen/Lang/patch11-Lang-59-CapGen-plausible.patch,https://github.com/rjust/defects4j/blob/master/framework/projects/Lang/patches/59.src.patch,
https://github.com/KTH/drr/blob/master/Patches/Doverfitting/CapGen/Lang/patch1-Lang-43-CapGen-plausible.patch,https://github.com/rjust/defects4j/blob/master/framework/projects/Lang/patches/43.src.patch,
https://github.com/KTH/drr/blob/master/Patches/Doverfitting/CapGen/Lang/patch13-Lang-59-CapGen-plausible.patch,https://github.com/rjust/defects4j/blob/master/framework/projects/Lang/patches/59.src.patch,
https://github.com/KTH/drr/blob/master/Patches/Doverfitting/CapGen/Lang/patch1-Lang-59-CapGen-plausible.patch,https://github.com/rjust/defects4j/blob/master/framework/projects/Lang/patches/59.src.patch,
https://github.com/KTH/drr/blob/master/Patches/Doverfitting/CapGen/Lang/patch6-Lang-59-CapGen-plausible.patch,https://github.com/rjust/defects4j/blob/master/framework/projects/Lang/patches/59.src.patch,
https://github.com/KTH/drr/blob/master/Patches/Doverfitting/CapGen/Lang/patch7-Lang-59-CapGen-plausible.patch,https://github.com/rjust/defects4j/blob/master/framework/projects/Lang/patches/59.src.patch,
https://github.com/KTH/drr/blob/master/Patches/Doverfitting/CapGen/Lang/patch9-Lang-59-CapGen-plausible.patch,https://github.com/rjust/defects4j/blob/master/framework/projects/Lang/patches/59.src.patch,
https://github.com/KTH/drr/blob/master/Patches/Doverfitting/CapGen/Lang/patch4-Lang-59-CapGen-plausible.patch,https://github.com/rjust/defects4j/blob/master/framework/projects/Lang/patches/59.src.patch,
https://github.com/KTH/drr/blob/master/Patches/Doverfitting/CapGen/Lang/patch12-Lang-59-CapGen-plausible.patch,https://github.com/rjust/defects4j/blob/master/framework/projects/Lang/patches/59.src.patch,
https://github.com/KTH/drr/blob/master/Patches/Doverfitting/CapGen/Lang/patch8-Lang-59-CapGen-plausible.patch,https://github.com/rjust/defects4j/blob/master/framework/projects/Lang/patches/59.src.patch,
https://github.com/KTH/drr/blob/master/Patches/Doverfitting/CapGen/Lang/patch10-Lang-59-CapGen-plausible.patch,https://github.com/rjust/defects4j/blob/master/framework/projects/Lang/patches/59.src.patch,
https://github.com/KTH/drr/blob/master/Patches/Doverfitting/CapGen/Lang/patch5-Lang-59-CapGen-plausible.patch,https://github.com/rjust/defects4j/blob/master/framework/projects/Lang/patches/59.src.patch,
https://github.com/KTH/drr/blob/master/Patches/Doverfitting/CapGen/Math/patch10-Math-80-CapGen-plausible.patch,https://github.com/rjust/defects4j/blob/master/framework/projects/Math/patches/80.src.patch,
https://github.com/KTH/drr/blob/master/Patches/Doverfitting/CapGen/Math/patch1-Math-5-CapGen-plausible.patch,https://github.com/rjust/defects4j/blob/master/framework/projects/Math/patches/5.src.patch,
https://github.com/KTH/drr/blob/master/Patches/Doverfitting/CapGen/Math/patch1-Math-63-CapGen-plausible.patch,https://github.com/rjust/defects4j/blob/master/framework/projects/Math/patches/63.src.patch,
https://github.com/KTH/drr/blob/master/Patches/Doverfitting/CapGen/Math/patch4-Math-63-CapGen-plausible.patch,https://github.com/rjust/defects4j/blob/master/framework/projects/Math/patches/63.src.patch,
https://github.com/KTH/drr/blob/master/Patches/Doverfitting/CapGen/Math/patch2-Math-80-CapGen-plausible.patch,https://github.com/rjust/defects4j/blob/master/framework/projects/Math/patches/80.src.patch,
https://github.com/KTH/drr/blob/master/Patches/Doverfitting/CapGen/Math/patch7-Math-80-CapGen-plausible.patch,https://github.com/rjust/defects4j/blob/master/framework/projects/Math/patches/80.src.patch,
https://github.com/KTH/drr/blob/master/Patches/Doverfitting/CapGen/Math/patch2-Math-63-CapGen-plausible.patch,https://github.com/rjust/defects4j/blob/master/framework/projects/Math/patches/63.src.patch,
https://github.com/KTH/drr/blob/master/Patches/Doverfitting/CapGen/Math/patch3-Math-63-CapGen-plausible.patch,https://github.com/rjust/defects4j/blob/master/framework/projects/Math/patches/63.src.patch,
https://github.com/KTH/drr/blob/master/Patches/Doverfitting/CapGen/Math/patch9-Math-80-CapGen-plausible.patch,https://github.com/rjust/defects4j/blob/master/framework/projects/Math/patches/80.src.patch,
https://github.com/KTH/drr/blob/master/Patches/Doverfitting/CapGen/Math/patch4-Math-80-CapGen-plausible.patch,https://github.com/rjust/defects4j/blob/master/framework/projects/Math/patches/80.src.patch,
https://github.com/KTH/drr/blob/master/Patches/Doverfitting/CapGen/Math/patch3-Math-80-CapGen-plausible.patch,https://github.com/rjust/defects4j/blob/master/framework/projects/Math/patches/80.src.patch,
https://github.com/KTH/drr/blob/master/Patches/Doverfitting/CapGen/Math/patch3-Math-5-CapGen-plausible.patch,https://github.com/rjust/defects4j/blob/master/framework/projects/Math/patches/5.src.patch,
https://github.com/KTH/drr/blob/master/Patches/Doverfitting/CapGen/Math/patch6-Math-63-CapGen-plausible.patch,https://github.com/rjust/defects4j/blob/master/framework/projects/Math/patches/63.src.patch,
https://github.com/KTH/drr/blob/master/Patches/Doverfitting/CapGen/Math/patch1-Math-85-CapGen-plausible.patch,https://github.com/rjust/defects4j/blob/master/framework/projects/Math/patches/85.src.patch,
https://github.com/KTH/drr/blob/master/Patches/Doverfitting/CapGen/Math/patch5-Math-80-CapGen-plausible.patch,https://github.com/rjust/defects4j/blob/master/framework/projects/Math/patches/80.src.patch,
https://github.com/KTH/drr/blob/master/Patches/Doverfitting/CapGen/Math/patch7-Math-63-CapGen-plausible.patch,https://github.com/rjust/defects4j/blob/master/framework/projects/Math/patches/63.src.patch,
https://github.com/KTH/drr/blob/master/Patches/Doverfitting/CapGen/Math/patch2-Math-5-CapGen-plausible.patch,https://github.com/rjust/defects4j/blob/master/framework/projects/Math/patches/5.src.patch,
https://github.com/KTH/drr/blob/master/Patches/Doverfitting/CapGen/Math/patch3-Math-85-CapGen-plausible.patch,https://github.com/rjust/defects4j/blob/master/framework/projects/Math/patches/85.src.patch,
https://github.com/KTH/drr/blob/master/Patches/Doverfitting/CapGen/Math/patch8-Math-80-CapGen-plausible.patch,https://github.com/rjust/defects4j/blob/master/framework/projects/Math/patches/80.src.patch,
https://github.com/KTH/drr/blob/master/Patches/Doverfitting/CapGen/Math/patch8-Math-63-CapGen-plausible.patch,https://github.com/rjust/defects4j/blob/master/framework/projects/Math/patches/63.src.patch,
https://github.com/KTH/drr/blob/master/Patches/Doverfitting/CapGen/Math/patch2-Math-85-CapGen-plausible.patch,https://github.com/rjust/defects4j/blob/master/framework/projects/Math/patches/85.src.patch,
https://github.com/KTH/drr/blob/master/Patches/Doverfitting/CapGen/Math/patch5-Math-63-CapGen-plausible.patch,https://github.com/rjust/defects4j/blob/master/framework/projects/Math/patches/63.src.patch,
https://github.com/KTH/drr/blob/master/Patches/Doverfitting/CapGen/Math/patch6-Math-80-CapGen-plausible.patch,https://github.com/rjust/defects4j/blob/master/framework/projects/Math/patches/80.src.patch,
https://github.com/KTH/drr/blob/master/Patches/Doverfitting/CapGen/Math/patch1-Math-80-CapGen-plausible.patch,https://github.com/rjust/defects4j/blob/master/framework/projects/Math/patches/80.src.patch,
https://github.com/KTH/drr/blob/master/Patches/Doverfitting/HDRepair/Math/patch1-Math-50-HDRepair.patch,https://github.com/rjust/defects4j/blob/master/framework/projects/Math/patches/50.src.patch,
https://github.com/KTH/drr/blob/master/Patches/Doverfitting/HDRepair/Math/patch1-Math-85-HDRepair.patch,https://github.com/rjust/defects4j/blob/master/framework/projects/Math/patches/85.src.patch,
https://github.com/KTH/drr/blob/master/Patches/Doverfitting/HDRepair/Math/patch1-Math-82-HDRepair.patch,https://github.com/rjust/defects4j/blob/master/framework/projects/Math/patches/82.src.patch,
https://github.com/KTH/drr/blob/master/Patches/Doverfitting/SOFix/Math/patch2-Math-2-SOFix-plausible.patch,https://github.com/rjust/defects4j/blob/master/framework/projects/Math/patches/2.src.patch,
https://github.com/KTH/drr/blob/master/Patches/Doverfitting/SOFix/Math/patch1-Math-2-SOFix-plausible.patch,https://github.com/rjust/defects4j/blob/master/framework/projects/Math/patches/2.src.patch,
https://github.com/KTH/drr/blob/master/Patches/Doverfitting/Jaid/Lang/patch2-Lang-51-Jaid-plausible.patch,https://github.com/rjust/defects4j/blob/master/framework/projects/Lang/patches/51.src.patch,
https://github.com/KTH/drr/blob/master/Patches/Doverfitting/Jaid/Lang/patch1-Lang-51-Jaid-plausible.patch,https://github.com/rjust/defects4j/blob/master/framework/projects/Lang/patches/51.src.patch,
https://github.com/KTH/drr/blob/master/Patches/Doverfitting/Jaid/Lang/patch2-Lang-55-Jaid-plausible.patch,https://github.com/rjust/defects4j/blob/master/framework/projects/Lang/patches/55.src.patch,
https://github.com/KTH/drr/blob/master/Patches/Doverfitting/Jaid/Lang/patch3-Lang-51-Jaid-plausible.patch,https://github.com/rjust/defects4j/blob/master/framework/projects/Lang/patches/51.src.patch,
https://github.com/KTH/drr/blob/master/Patches/Doverfitting/Jaid/Lang/patch2-Lang-61-Jaid-plausible.patch,https://github.com/rjust/defects4j/blob/master/framework/projects/Lang/patches/61.src.patch,
https://github.com/KTH/drr/blob/master/Patches/Doverfitting/Jaid/Lang/patch1-Lang-61-Jaid-plausible.patch,https://github.com/rjust/defects4j/blob/master/framework/projects/Lang/patches/61.src.patch,
https://github.com/KTH/drr/blob/master/Patches/Doverfitting/Jaid/Lang/patch3-Lang-55-Jaid-plausible.patch,https://github.com/rjust/defects4j/blob/master/framework/projects/Lang/patches/55.src.patch,
https://github.com/KTH/drr/blob/master/Patches/Doverfitting/Jaid/Lang/patch2-Lang-45-Jaid-plausible.patch,https://github.com/rjust/defects4j/blob/master/framework/projects/Lang/patches/45.src.patch,
https://github.com/KTH/drr/blob/master/Patches/Doverfitting/Jaid/Lang/patch1-Lang-45-Jaid-plausible.patch,https://github.com/rjust/defects4j/blob/master/framework/projects/Lang/patches/45.src.patch,
https://github.com/KTH/drr/blob/master/Patches/Doverfitting/Jaid/Lang/patch1-Lang-55-Jaid-plausible.patch,https://github.com/rjust/defects4j/blob/master/framework/projects/Lang/patches/55.src.patch,
https://github.com/KTH/drr/blob/master/Patches/Doverfitting/Jaid/Math/patch1-Math-82-Jaid-plausible.patch,https://github.com/rjust/defects4j/blob/master/framework/projects/Math/patches/82.src.patch,
https://github.com/KTH/drr/blob/master/Patches/Doverfitting/Jaid/Math/patch1-Math-32-Jaid-plausible.patch,https://github.com/rjust/defects4j/blob/master/framework/projects/Math/patches/32.src.patch,
https://github.com/KTH/drr/blob/master/Patches/Doverfitting/Jaid/Math/patch1-Math-85-Jaid-plausible.patch,https://github.com/rjust/defects4j/blob/master/framework/projects/Math/patches/85.src.patch,
https://github.com/KTH/drr/blob/master/Patches/Doverfitting/Jaid/Math/patch1-Math-80-Jaid-plausible.patch,https://github.com/rjust/defects4j/blob/master/framework/projects/Math/patches/80.src.patch,
https://github.com/KTH/drr/blob/master/Patches/Doverfitting/Jaid/Math/patch2-Math-53-Jaid-plausible.patch,https://github.com/rjust/defects4j/blob/master/framework/projects/Math/patches/53.src.patch,
https://github.com/KTH/drr/blob/master/Patches/Doverfitting/Jaid/Math/patch4-Math-82-Jaid-plausible.patch,https://github.com/rjust/defects4j/blob/master/framework/projects/Math/patches/82.src.patch,
https://github.com/KTH/drr/blob/master/Patches/Doverfitting/Jaid/Math/patch3-Math-53-Jaid-plausible.patch,https://github.com/rjust/defects4j/blob/master/framework/projects/Math/patches/53.src.patch,
https://github.com/KTH/drr/blob/master/Patches/Doverfitting/Jaid/Math/patch3-Math-50-Jaid-plausible.patch,https://github.com/rjust/defects4j/blob/master/framework/projects/Math/patches/50.src.patch,
https://github.com/KTH/drr/blob/master/Patches/Doverfitting/Jaid/Math/patch3-Math-82-Jaid-plausible.patch,https://github.com/rjust/defects4j/blob/master/framework/projects/Math/patches/82.src.patch,
https://github.com/KTH/drr/blob/master/Patches/Doverfitting/Jaid/Math/patch1-Math-50-Jaid-plausible.patch,https://github.com/rjust/defects4j/blob/master/framework/projects/Math/patches/50.src.patch,
https://github.com/KTH/drr/blob/master/Patches/Doverfitting/Jaid/Math/patch2-Math-80-Jaid-plausible.patch,https://github.com/rjust/defects4j/blob/master/framework/projects/Math/patches/80.src.patch,
https://github.com/KTH/drr/blob/master/Patches/Doverfitting/Jaid/Math/patch4-Math-85-Jaid-plausible.patch,https://github.com/rjust/defects4j/blob/master/framework/projects/Math/patches/85.src.patch,
https://github.com/KTH/drr/blob/master/Patches/Doverfitting/Jaid/Math/patch2-Math-85-Jaid-plausible.patch,https://github.com/rjust/defects4j/blob/master/framework/projects/Math/patches/85.src.patch,
https://github.com/KTH/drr/blob/master/Patches/Doverfitting/Jaid/Math/patch1-Math-53-Jaid-plausible.patch,https://github.com/rjust/defects4j/blob/master/framework/projects/Math/patches/53.src.patch,
https://github.com/KTH/drr/blob/master/Patches/Doverfitting/Jaid/Math/patch3-Math-85-Jaid-plausible.patch,https://github.com/rjust/defects4j/blob/master/framework/projects/Math/patches/85.src.patch,
https://github.com/KTH/drr/blob/master/Patches/Doverfitting/Jaid/Math/patch2-Math-82-Jaid-plausible.patch,https://github.com/rjust/defects4j/blob/master/framework/projects/Math/patches/82.src.patch,
https://github.com/KTH/drr/blob/master/Patches/Doverfitting/Jaid/Math/patch3-Math-80-Jaid-plausible.patch,https://github.com/rjust/defects4j/blob/master/framework/projects/Math/patches/80.src.patch,
https://github.com/KTH/drr/blob/master/Patches/Doverfitting/Jaid/Closure/patch1-Closure-62-Jaid-plausible.patch,https://github.com/rjust/defects4j/blob/master/framework/projects/Closure/patches/62.src.patch,
https://github.com/KTH/drr/blob/master/Patches/Doverfitting/Jaid/Closure/patch2-Closure-33-Jaid-plausible.patch,https://github.com/rjust/defects4j/blob/master/framework/projects/Closure/patches/33.src.patch,
https://github.com/KTH/drr/blob/master/Patches/Doverfitting/Jaid/Closure/patch1-Closure-33-Jaid-plausible.patch,https://github.com/rjust/defects4j/blob/master/framework/projects/Closure/patches/33.src.patch,
https://github.com/KTH/drr/blob/master/Patches/Doverfitting/Jaid/Closure/patch1-Closure-63-Jaid-plausible.patch,https://github.com/rjust/defects4j/blob/master/framework/projects/Closure/patches/63.src.patch,
https://github.com/KTH/drr/blob/master/Patches/Doverfitting/Jaid/Chart/patch3-Chart-9-Jaid-plausible.patch,https://github.com/rjust/defects4j/blob/master/framework/projects/Chart/patches/9.src.patch,
https://github.com/KTH/drr/blob/master/Patches/Doverfitting/Jaid/Chart/patch2-Chart-1-Jaid-plausible.patch,https://github.com/rjust/defects4j/blob/master/framework/projects/Chart/patches/1.src.patch,
https://github.com/KTH/drr/blob/master/Patches/Doverfitting/Jaid/Chart/patch2-Chart-9-Jaid-plausible.patch,https://github.com/rjust/defects4j/blob/master/framework/projects/Chart/patches/9.src.patch,
https://github.com/KTH/drr/blob/master/Patches/Doverfitting/Jaid/Chart/patch2-Chart-26-Jaid-plausible.patch,https://github.com/rjust/defects4j/blob/master/framework/projects/Chart/patches/26.src.patch,
https://github.com/KTH/drr/blob/master/Patches/Doverfitting/Jaid/Chart/patch1-Chart-9-Jaid-plausible.patch,https://github.com/rjust/defects4j/blob/master/framework/projects/Chart/patches/9.src.patch,
https://github.com/KTH/drr/blob/master/Patches/Doverfitting/Jaid/Chart/patch1-Chart-1-Jaid-plausible.patch,https://github.com/rjust/defects4j/blob/master/framework/projects/Chart/patches/1.src.patch,
https://github.com/KTH/drr/blob/master/Patches/Doverfitting/Jaid/Chart/patch1-Chart-26-Jaid-plausible.patch,https://github.com/rjust/defects4j/blob/master/framework/projects/Chart/patches/26.src.patch,
https://github.com/KTH/drr/blob/master/Patches/Doverfitting/Jaid/Chart/patch3-Chart-1-Jaid-plausible.patch,https://github.com/rjust/defects4j/blob/master/framework/projects/Chart/patches/1.src.patch,
https://github.com/KTH/drr/blob/master/Patches/Doverfitting/SimFix/Lang/patch1-Lang-45-SimFix-plausible.patch,https://github.com/rjust/defects4j/blob/master/framework/projects/Lang/patches/45.src.patch,
https://github.com/KTH/drr/blob/master/Patches/Doverfitting/SimFix/Lang/patch1-Lang-44-SimFix-plausible.patch,https://github.com/rjust/defects4j/blob/master/framework/projects/Lang/patches/44.src.patch,
https://github.com/KTH/drr/blob/master/Patches/Doverfitting/SimFix/Lang/patch1-Lang-63-SimFix-plausible.patch,https://github.com/rjust/defects4j/blob/master/framework/projects/Lang/patches/63.src.patch,
https://github.com/KTH/drr/blob/master/Patches/Doverfitting/SimFix/Math/patch1-Math-81-SimFix-plausible.patch,https://github.com/rjust/defects4j/blob/master/framework/projects/Math/patches/81.src.patch,
https://github.com/KTH/drr/blob/master/Patches/Doverfitting/SimFix/Math/patch1-Math-80-SimFix-plausible.patch,https://github.com/rjust/defects4j/blob/master/framework/projects/Math/patches/80.src.patch,
https://github.com/KTH/drr/blob/master/Patches/Doverfitting/SimFix/Math/patch1-Math-8-SimFix-plausible.patch,https://github.com/rjust/defects4j/blob/master/framework/projects/Math/patches/8.src.patch,
https://github.com/KTH/drr/blob/master/Patches/Doverfitting/SimFix/Math/patch1-Math-85-SimFix-plausible.patch,https://github.com/rjust/defects4j/blob/master/framework/projects/Math/patches/85.src.patch,
https://github.com/KTH/drr/blob/master/Patches/Doverfitting/SimFix/Math/patch1-Math-28-SimFix-plausible.patch,https://github.com/rjust/defects4j/blob/master/framework/projects/Math/patches/28.src.patch,
https://github.com/KTH/drr/blob/master/Patches/Doverfitting/SimFix/Math/patch1-Math-6-SimFix-plausible.patch,https://github.com/rjust/defects4j/blob/master/framework/projects/Math/patches/6.src.patch,
https://github.com/KTH/drr/blob/master/Patches/Doverfitting/SimFix/Math/patch1-Math-82-SimFix-plausible.patch,https://github.com/rjust/defects4j/blob/master/framework/projects/Math/patches/82.src.patch,
https://github.com/KTH/drr/blob/master/Patches/Doverfitting/SimFix/Math/patch1-Math-88-SimFix-plausible.patch,https://github.com/rjust/defects4j/blob/master/framework/projects/Math/patches/88.src.patch,
https://github.com/KTH/drr/blob/master/Patches/Doverfitting/SimFix/Math/patch1-Math-73-SimFix-plausible.patch,https://github.com/rjust/defects4j/blob/master/framework/projects/Math/patches/73.src.patch,
https://github.com/KTH/drr/blob/master/Patches/Doverfitting/ssFix/Lang/patch1-Lang-27-ssFix-plausible.patch,https://github.com/rjust/defects4j/blob/master/framework/projects/Lang/patches/27.src.patch,
https://github.com/KTH/drr/blob/master/Patches/Doverfitting/ssFix/Math/patch1-Math-20-ssFix-plausible.patch,https://github.com/rjust/defects4j/blob/master/framework/projects/Math/patches/20.src.patch,
https://github.com/KTH/drr/blob/master/Patches/Doverfitting/ssFix/Math/patch1-Math-30-ssFix-plausible.patch,https://github.com/rjust/defects4j/blob/master/framework/projects/Math/patches/30.src.patch,
https://github.com/KTH/drr/blob/master/Patches/Doverfitting/ssFix/Math/patch1-Math-57-ssFix-plausible.patch,https://github.com/rjust/defects4j/blob/master/framework/projects/Math/patches/57.src.patch,
https://github.com/KTH/drr/blob/master/Patches/Doverfitting/ssFix/Math/patch1-Math-8-ssFix-plausible.patch,https://github.com/rjust/defects4j/blob/master/framework/projects/Math/patches/8.src.patch,
https://github.com/KTH/drr/blob/master/Patches/Doverfitting/ssFix/Math/patch1-Math-28-ssFix-plausible.patch,https://github.com/rjust/defects4j/blob/master/framework/projects/Math/patches/28.src.patch,
https://github.com/KTH/drr/blob/master/Patches/Doverfitting/ssFix/Math/patch1-Math-79-ssFix-plausible.patch,https://github.com/rjust/defects4j/blob/master/framework/projects/Math/patches/79.src.patch,
https://github.com/KTH/drr/blob/master/Patches/Doverfitting/ssFix/Closure/patch1-Closure-115-ssFix-plausible.patch,https://github.com/rjust/defects4j/blob/master/framework/projects/Closure/patches/115.src.patch,
https://github.com/KTH/drr/blob/master/Patches/Doverfitting/ssFix/Chart/patch1-Chart-1-ssFix-plausible.patch,https://github.com/rjust/defects4j/blob/master/framework/projects/Chart/patches/1.src.patch,
https://github.com/KTH/drr/blob/master/Patches/Doverfitting/JGenProg2015/Math/patch1-Math-2-JGenProg2015-plausible.patch,https://github.com/rjust/defects4j/blob/master/framework/projects/Math/patches/2.src.patch,
https://github.com/KTH/drr/blob/master/Patches/Doverfitting/JGenProg2015/Math/patch1-Math-49-JGenProg2015-plausible.patch,https://github.com/rjust/defects4j/blob/master/framework/projects/Math/patches/49.src.patch,
https://github.com/KTH/drr/blob/master/Patches/Doverfitting/JGenProg2015/Time/patch1-Time-4-JGenProg2015-plausible.patch,https://github.com/rjust/defects4j/blob/master/framework/projects/Time/patches/4.src.patch,
https://github.com/KTH/drr/blob/master/Patches/Doverfitting/JGenProg2015/Chart/patch1-Chart-15-JGenProg2015-plausible.patch,https://github.com/rjust/defects4j/blob/master/framework/projects/Chart/patches/15.src.patch,
https://github.com/KTH/drr/blob/master/Patches/Doverfitting/JGenProg2015/Chart/patch1-Chart-7-JGenProg2015-plausible.patch,https://github.com/rjust/defects4j/blob/master/framework/projects/Chart/patches/7.src.patch,
https://github.com/KTH/drr/blob/master/Patches/Doverfitting/JGenProg2015/Chart/patch6-Chart-13-Arja-plausible.patch,https://github.com/rjust/defects4j/blob/master/framework/projects/Chart/patches/13.src.patch,
https://github.com/KTH/drr/blob/master/Patches/Doverfitting/JGenProg2015/Chart/patch1-Chart-5-JGenProg2015-plausible.patch,https://github.com/rjust/defects4j/blob/master/framework/projects/Chart/patches/5.src.patch,
https://github.com/KTH/drr/blob/master/Patches/Doverfitting/DeepRepair/Lang/patch1-Lang-27-DeepRepair.patch,https://github.com/rjust/defects4j/blob/master/framework/projects/Lang/patches/27.src.patch,
https://github.com/KTH/drr/blob/master/Patches/Doverfitting/DeepRepair/Math/patch1-Math-49-DeepRepair.patch,https://github.com/rjust/defects4j/blob/master/framework/projects/Math/patches/49.src.patch,
https://github.com/KTH/drr/blob/master/Patches/Doverfitting/DeepRepair/Math/patch1-Math-28-DeepRepair.patch,https://github.com/rjust/defects4j/blob/master/framework/projects/Math/patches/28.src.patch,
https://github.com/KTH/drr/blob/master/Patches/Doverfitting/DeepRepair/Math/patch1-Math-53-DeepRepair.patch,https://github.com/rjust/defects4j/blob/master/framework/projects/Math/patches/53.src.patch,
https://github.com/KTH/drr/blob/master/Patches/Doverfitting/DeepRepair/Math/patch1-Math-81-DeepRepair.patch,https://github.com/rjust/defects4j/blob/master/framework/projects/Math/patches/81.src.patch,
https://github.com/KTH/drr/blob/master/Patches/Doverfitting/DeepRepair/Chart/patch1-Chart-1-DeepRepair.patch,https://github.com/rjust/defects4j/blob/master/framework/projects/Chart/patches/1.src.patch,
https://github.com/KTH/drr/blob/master/Patches/Doverfitting/DeepRepair/Chart/patch1-Chart-25-DeepRepair.patch,https://github.com/rjust/defects4j/blob/master/framework/projects/Chart/patches/25.src.patch,
https://github.com/KTH/drr/blob/master/Patches/Doverfitting/DeepRepair/Chart/patch1-Chart-5-DeepRepair.patch,https://github.com/rjust/defects4j/blob/master/framework/projects/Chart/patches/5.src.patch,
https://github.com/KTH/drr/blob/master/Patches/Doverfitting/DeepRepair/Chart/patch1-Chart-7-DeepRepair.patch,https://github.com/rjust/defects4j/blob/master/framework/projects/Chart/patches/7.src.patch,
DAVID,DAVID,DAVID
https://github.com/ASSERT-KTH/capr/blob/main/output/plausible_patches/Closure_55_SH_8.diff,https://github.com/rjust/defects4j/blob/master/framework/projects/Closure/patches/55.src.patch,is it fixed by adding a check on n.getType() and notNull of n.getFunctionName()
https://github.com/ASSERT-KTH/capr/blob/main/output/plausible_patches/Closure_122_SH_20.diff,https://github.com/rjust/defects4j/blob/master/framework/projects/Closure/patches/122.src.patch,".. checking for literals ‘/*’, ‘*/’, ‘@’"
https://github.com/ASSERT-KTH/capr/blob/main/output/plausible_patches/Lang_59_SH_27.diff,https://github.com/rjust/defects4j/blob/master/framework/projects/Lang/patches/59.src.patch,.. replacing strLen with width
https://github.com/ASSERT-KTH/capr/blob/main/output/plausible_patches/Time_4_SL_9.diff,https://github.com/rjust/defects4j/blob/master/framework/projects/Time/patches/4.src.patch,.. removing iChronology param
https://github.com/ASSERT-KTH/capr/blob/main/output/plausible_patches/Math_89_SF_52.diff,https://github.com/rjust/defects4j/blob/master/framework/projects/Math/patches/89.src.patch,.. checking if v instanceof Comparable
https://github.com/ASSERT-KTH/capr/blob/main/output/plausible_patches/Time_19_SH_25.diff,https://github.com/rjust/defects4j/blob/master/framework/projects/Time/patches/19.src.patch,.. changing check on offsetLocal and adding a check on offsetAdjusted
https://github.com/ASSERT-KTH/capr/blob/main/output/plausible_patches/Lang_57_SL_69.diff,https://github.com/rjust/defects4j/blob/master/framework/projects/Lang/patches/57.src.patch,.. adding a null and empty check on cAvailableLocalSet
https://github.com/ASSERT-KTH/capr/blob/main/output/plausible_patches/Chart_17_SF_5.diff,https://github.com/rjust/defects4j/blob/master/framework/projects/Chart/patches/17.src.patch,.. checking itemCount >=1
https://github.com/ASSERT-KTH/capr/blob/main/output/plausible_patches/Mockito_28_SF_10.diff,https://github.com/rjust/defects4j/blob/master/framework/projects/Mockito/patches/28.src.patch,.. checking if field is already set with the same type
https://github.com/ASSERT-KTH/capr/blob/main/output/plausible_patches/Lang_16_SL_19.diff,https://github.com/rjust/defects4j/blob/master/framework/projects/Lang/patches/16.src.patch,.. checking lowerCase of str
https://github.com/ASSERT-KTH/capr/blob/main/output/plausible_patches/Closure_22_SF_3.diff,https://github.com/rjust/defects4j/blob/master/framework/projects/Closure/patches/22.src.patch,TOO LONG
https://github.com/ASSERT-KTH/capr/blob/main/output/plausible_patches/Math_28_SF_5.diff,https://github.com/rjust/defects4j/blob/master/framework/projects/Math/patches/28.src.patch,TOO LONG
https://github.com/ASSERT-KTH/capr/blob/main/output/plausible_patches/Closure_168_SH_61.diff,https://github.com/rjust/defects4j/blob/master/framework/projects/Closure/patches/168.src.patch,.. adding isFunctionExpression(n) check
https://github.com/ASSERT-KTH/capr/blob/main/output/plausible_patches/Lang_37_SF_10.diff,https://github.com/rjust/defects4j/blob/master/framework/projects/Lang/patches/37.src.patch,.. adding null check on type1 and type2
https://github.com/ASSERT-KTH/capr/blob/main/output/plausible_patches/Chart_1_SL_39.diff,https://github.com/rjust/defects4j/blob/master/framework/projects/Chart/patches/1.src.patch,.. adding null checks on ….
https://github.com/ASSERT-KTH/capr/blob/main/output/plausible_patches/Math_30_SH_8.diff,https://github.com/rjust/defects4j/blob/master/framework/projects/Math/patches/30.src.patch,.. changing int to double
https://github.com/ASSERT-KTH/capr/blob/main/output/plausible_patches/Time_18_SF_3.diff,https://github.com/rjust/defects4j/blob/master/framework/projects/Time/patches/18.src.patch,TOO LONG
https://github.com/ASSERT-KTH/capr/blob/main/output/plausible_patches/Math_41_SF_2.diff,https://github.com/rjust/defects4j/blob/master/framework/projects/Math/patches/41.src.patch,TOO LONG
https://github.com/ASSERT-KTH/capr/blob/main/output/plausible_patches/Math_5_SF_20.diff,https://github.com/rjust/defects4j/blob/master/framework/projects/Math/patches/5.src.patch,TOO LONG
https://github.com/ASSERT-KTH/capr/blob/main/output/plausible_patches/Math_33_SL_7.diff,https://github.com/rjust/defects4j/blob/master/framework/projects/Math/patches/33.src.patch,.. comparing entry with epsilon
https://github.com/ASSERT-KTH/capr/blob/main/output/plausible_patches/Closure_70_SL_14.diff,https://github.com/rjust/defects4j/blob/master/framework/projects/Closure/patches/70.src.patch,.. adding new arguments and null checking on jsDocParameter
https://github.com/ASSERT-KTH/capr/blob/main/output/plausible_patches/Math_96_SL_4.diff,https://github.com/rjust/defects4j/blob/master/framework/projects/Math/patches/96.src.patch,.. comparing real with right real and getImaginary with right getImaginary
https://github.com/ASSERT-KTH/capr/blob/main/output/plausible_patches/Closure_152_SH_7.diff,https://github.com/rjust/defects4j/blob/master/framework/projects/Closure/patches/152.src.patch,.. checking type before casting
https://github.com/ASSERT-KTH/capr/blob/main/output/plausible_patches/Mockito_29_SL_1.diff,https://github.com/rjust/defects4j/blob/master/framework/projects/Mockito/patches/29.src.patch,.. adding null check on wanted
https://github.com/ASSERT-KTH/capr/blob/main/output/plausible_patches/Math_85_SL_43.diff,https://github.com/rjust/defects4j/blob/master/framework/projects/Math/patches/85.src.patch,.. adding check on numIterations and distance between a and b
https://github.com/ASSERT-KTH/capr/blob/main/output/plausible_patches/Closure_168_SH_21.diff,https://github.com/rjust/defects4j/blob/master/framework/projects/Closure/patches/168.src.patch,.. adding isFunctionExpression(n) check and parent.isScript
https://github.com/ASSERT-KTH/capr/blob/main/output/plausible_patches/Closure_125_SF_20.diff,https://github.com/rjust/defects4j/blob/master/framework/projects/Closure/patches/125.src.patch,TOO LONG
https://github.com/ASSERT-KTH/capr/blob/main/output/plausible_patches/Lang_38_SH_12.diff,https://github.com/rjust/defects4j/blob/master/framework/projects/Lang/patches/38.src.patch,TOO LONG – immediately generating the result if mTimeZoneForced
https://github.com/ASSERT-KTH/capr/blob/main/output/plausible_patches/Math_59_SF_47.diff,https://github.com/rjust/defects4j/blob/master/framework/projects/Math/patches/59.src.patch,TOO LONG
https://github.com/ASSERT-KTH/capr/blob/main/output/plausible_patches/Math_19_SH_17.diff,https://github.com/rjust/defects4j/blob/master/framework/projects/Math/patches/19.src.patch,.. adding a check on boundary ranges and throw exception if …
